Instrument-1,Instrument-2,p-value,t-value,critical value,hedge_ratio,Zero_crossings
DOTUSDT,CELOUSDT,0.03,-3.52,-3.37,8.45,42
ORBSUSDT,ANKRUSDT,0.02,-3.64,-3.37,0.75,42
ATAUSDT,TONUSDT,0.0,-4.16,-3.37,0.03,41
BATUSDT,QTUMUSDT,0.0,-4.25,-3.37,0.07,41
BATUSDT,BTCUSDT,0.02,-3.74,-3.37,0.0,39
WUSDT,GMTUSDT,0.02,-3.76,-3.37,2.47,38
FILUSDT,STXUSDT,0.03,-3.51,-3.37,2.97,37
BTCUSDT,WAVESUSDT,0.01,-3.85,-3.37,28001.23,37
ALGOUSDT,NKNUSDT,0.0,-4.32,-3.37,1.57,37
SOLUSDT,CFXUSDT,0.02,-3.76,-3.37,756.06,37
SOLUSDT,STMXUSDT,0.0,-5.91,-3.37,20801.19,37
ORBSUSDT,CVCUSDT,0.0,-4.47,-3.37,0.21,36
1000XECUSDT,THETAUSDT,0.0,-4.29,-3.37,0.02,36
GMTUSDT,NKNUSDT,0.0,-4.9,-3.37,1.94,36
WUSDT,OMGUSDT,0.0,-4.92,-3.37,0.79,35
IOTAUSDT,FLOWUSDT,0.0,-4.42,-3.37,0.24,35
IOTAUSDT,STORJUSDT,0.0,-4.3,-3.37,0.41,35
WUSDT,TLMUSDT,0.04,-3.39,-3.37,31.62,35
MASKUSDT,LITUSDT,0.0,-4.18,-3.37,3.18,35
SXPUSDT,DOGEUSDT,0.03,-3.55,-3.37,2.11,35
JUPUSDT,GALAUSDT,0.0,-4.78,-3.37,25.96,35
C98USDT,ATOMUSDT,0.0,-4.32,-3.37,0.03,34
C98USDT,EGLDUSDT,0.0,-4.17,-3.37,0.01,34
ICPUSDT,CFXUSDT,0.01,-3.8,-3.37,54.88,34
MANAUSDT,LUNA2USDT,0.0,-4.82,-3.37,0.75,34
TRXUSDT,AVAXUSDT,0.04,-3.44,-3.37,0.0,34
BTCUSDT,GALAUSDT,0.05,-3.37,-3.37,1542637.41,34
MANAUSDT,BTCUSDT,0.02,-3.68,-3.37,0.0,33
ICXUSDT,SANDUSDT,0.04,-3.46,-3.37,0.51,33
FILUSDT,PYTHUSDT,0.01,-3.81,-3.37,13.45,33
IOTAUSDT,LUNCUSDT,0.01,-3.9,-3.37,1994.04,33
ENJUSDT,ACHUSDT,0.02,-3.61,-3.37,11.73,33
ENJUSDT,WAXPUSDT,0.0,-4.34,-3.37,5.42,33
SANDUSDT,BTCUSDT,0.04,-3.44,-3.37,0.0,33
DENTUSDT,STGUSDT,0.04,-3.43,-3.37,0.0,33
XRPUSDT,GTCUSDT,0.03,-3.55,-3.37,0.4,33
WUSDT,APTUSDT,0.0,-4.62,-3.37,0.06,32
GMTUSDT,ALGOUSDT,0.03,-3.52,-3.37,1.23,32
MOVRUSDT,LUNA2USDT,0.04,-3.46,-3.37,25.21,32
BOMEUSDT,MEMEUSDT,0.0,-4.42,-3.37,0.47,32
NTRNUSDT,MEMEUSDT,0.03,-3.5,-3.37,25.47,32
EOSUSDT,NEARUSDT,0.01,-4.06,-3.37,0.11,32
BCHUSDT,IMXUSDT,0.03,-3.58,-3.37,203.24,32
1000XECUSDT,QNTUSDT,0.03,-3.49,-3.37,0.0,32
WUSDT,ATOMUSDT,0.03,-3.59,-3.37,0.07,32
BNBUSDT,FTMUSDT,0.0,-4.78,-3.37,734.76,31
JUPUSDT,ICXUSDT,0.0,-4.42,-3.37,5.08,31
IOTAUSDT,STGUSDT,0.01,-4.0,-3.37,0.45,31
MOVRUSDT,USDCUSDT,0.03,-3.56,-3.37,15.35,31
COTIUSDT,SOLUSDT,0.03,-3.49,-3.37,0.0,31
APEUSDT,LQTYUSDT,0.04,-3.47,-3.37,1.15,30
DENTUSDT,LUNA2USDT,0.01,-3.83,-3.37,0.0,30
BOMEUSDT,LEVERUSDT,0.0,-4.42,-3.37,3.56,30
ATAUSDT,EGLDUSDT,0.01,-3.85,-3.37,0.0,30
IOTAUSDT,BTCUSDT,0.02,-3.73,-3.37,0.0,30
TRXUSDT,QNTUSDT,0.0,-4.68,-3.37,0.0,30
LTCUSDT,ANKRUSDT,0.03,-3.53,-3.37,1853.36,30
WUSDT,LOOKSUSDT,0.01,-4.03,-3.37,5.94,30
ICPUSDT,THETAUSDT,0.0,-4.62,-3.37,5.29,30
WLDUSDT,INJUSDT,0.01,-3.8,-3.37,0.18,30
LRCUSDT,LUNA2USDT,0.0,-4.53,-3.37,0.46,30
ADAUSDT,FTMUSDT,0.02,-3.7,-3.37,0.57,30
1000XECUSDT,SUIUSDT,0.03,-3.49,-3.37,0.05,29
XRPUSDT,DOGEUSDT,0.01,-3.91,-3.37,3.2,29
VETUSDT,FTMUSDT,0.03,-3.49,-3.37,0.04,29
SUSHIUSDT,DOGEUSDT,0.02,-3.62,-3.37,7.4,29
HOTUSDT,C98USDT,0.04,-3.43,-3.37,0.01,29
BNBUSDT,GLMUSDT,0.04,-3.41,-3.37,1146.1,29
DENTUSDT,MANAUSDT,0.02,-3.74,-3.37,0.0,29
JUPUSDT,LUNA2USDT,0.01,-3.82,-3.37,1.9,29
BTCUSDT,NEOUSDT,0.01,-3.97,-3.37,4473.31,29
STRKUSDT,ARBUSDT,0.01,-3.91,-3.37,1.05,29
STRKUSDT,SUSHIUSDT,0.03,-3.51,-3.37,1.01,29
LRCUSDT,SOLUSDT,0.03,-3.55,-3.37,0.0,29
LUNCUSDT,BTCUSDT,0.02,-3.7,-3.37,0.0,28
ICPUSDT,LOOMUSDT,0.04,-3.4,-3.37,143.56,28
ICPUSDT,QNTUSDT,0.01,-4.09,-3.37,0.13,28
MANAUSDT,GALAUSDT,0.04,-3.47,-3.37,10.27,28
ICPUSDT,FTMUSDT,0.02,-3.61,-3.37,15.04,28
1000XECUSDT,RVNUSDT,0.0,-4.13,-3.37,1.63,28
QTUMUSDT,FTMUSDT,0.04,-3.42,-3.37,4.57,28
ZILUSDT,APTUSDT,0.01,-3.92,-3.37,0.0,28
WUSDT,C98USDT,0.02,-3.61,-3.37,2.23,28
QTUMUSDT,SANDUSDT,0.04,-3.45,-3.37,8.32,28
ICPUSDT,GLMUSDT,0.02,-3.69,-3.37,23.46,28
FILUSDT,GALAUSDT,0.0,-4.92,-3.37,133.36,28
CVCUSDT,ANKRUSDT,0.03,-3.54,-3.37,3.6,28
MOVRUSDT,XRPUSDT,0.02,-3.7,-3.37,28.93,27
ASTRUSDT,BTCUSDT,0.03,-3.52,-3.37,0.0,27
GMTUSDT,DOGEUSDT,0.03,-3.58,-3.37,1.41,27
ADAUSDT,OPUSDT,0.01,-3.87,-3.37,0.18,27
IDUSDT,NEOUSDT,0.01,-4.0,-3.37,0.05,27
IOTAUSDT,QTUMUSDT,0.0,-4.27,-3.37,0.06,27
GMTUSDT,FLMUSDT,0.04,-3.46,-3.37,2.37,27
SUSHIUSDT,ENAUSDT,0.0,-4.78,-3.37,1.39,27
MOVRUSDT,STGUSDT,0.02,-3.76,-3.37,30.44,27
DENTUSDT,SANDUSDT,0.01,-4.03,-3.37,0.0,27
JUPUSDT,OMUSDT,0.01,-3.84,-3.37,1.71,27
SOLUSDT,CELRUSDT,0.0,-4.39,-3.37,6456.94,27
QTUMUSDT,GALAUSDT,0.01,-3.99,-3.37,84.19,26
XRPUSDT,POLYXUSDT,0.0,-4.31,-3.37,1.21,26
ALGOUSDT,OMGUSDT,0.03,-3.52,-3.37,0.26,26
DENTUSDT,LUNCUSDT,0.0,-4.97,-3.37,12.18,26
MOVRUSDT,XTZUSDT,0.02,-3.66,-3.37,15.79,26
MOVRUSDT,AXSUSDT,0.0,-4.27,-3.37,1.96,26
GMTUSDT,DYDXUSDT,0.03,-3.59,-3.37,0.11,26
CVCUSDT,IDUSDT,0.01,-3.94,-3.37,0.22,26
MANAUSDT,LUNCUSDT,0.01,-3.96,-3.37,3998.38,26
BOMEUSDT,XVSUSDT,0.0,-4.17,-3.37,0.0,26
MOVRUSDT,HOOKUSDT,0.04,-3.43,-3.37,16.83,26
1000XECUSDT,LPTUSDT,0.04,-3.44,-3.37,0.0,26
AEVOUSDT,ATOMUSDT,0.01,-3.86,-3.37,0.1,26
XRPUSDT,NEARUSDT,0.0,-5.08,-3.37,0.07,26
LUNA2USDT,BTCUSDT,0.02,-3.68,-3.37,0.0,26
ICXUSDT,LUNA2USDT,0.0,-4.9,-3.37,0.37,26
HOTUSDT,ROSEUSDT,0.0,-5.19,-3.37,0.03,26
1000SATSUSDT,XVSUSDT,0.02,-3.77,-3.37,0.0,26
MANAUSDT,STGUSDT,0.04,-3.42,-3.37,0.91,25
ICPUSDT,LUNA2USDT,0.0,-4.13,-3.37,20.27,25
DENTUSDT,ONTUSDT,0.0,-4.31,-3.37,0.0,25
DOTUSDT,SEIUSDT,0.03,-3.55,-3.37,13.8,25
BSVUSDT,LTCUSDT,0.03,-3.53,-3.37,0.75,25
ICXUSDT,ONTUSDT,0.03,-3.59,-3.37,0.74,25
DENTUSDT,FTMUSDT,0.04,-3.45,-3.37,0.0,25
ICPUSDT,SOLUSDT,0.02,-3.73,-3.37,0.07,25
BATUSDT,STGUSDT,0.03,-3.55,-3.37,0.49,25
LQTYUSDT,DOGEUSDT,0.04,-3.4,-3.37,6.82,25
APEUSDT,TLMUSDT,0.04,-3.46,-3.37,71.14,25
WUSDT,WOOUSDT,0.02,-3.63,-3.37,1.7,25
MASKUSDT,TONUSDT,0.01,-3.87,-3.37,0.55,25
MOVRUSDT,BTCUSDT,0.04,-3.41,-3.37,0.0,25
WUSDT,ZILUSDT,0.0,-4.95,-3.37,23.75,25
MASKUSDT,USDCUSDT,0.01,-3.9,-3.37,3.49,25
APEUSDT,KSMUSDT,0.04,-3.43,-3.37,0.04,25
BATUSDT,FTMUSDT,0.03,-3.5,-3.37,0.3,25
BOMEUSDT,AEVOUSDT,0.01,-4.03,-3.37,0.02,24
ENJUSDT,C98USDT,0.04,-3.4,-3.37,1.38,24
ICXUSDT,GALAUSDT,0.0,-5.16,-3.37,5.11,24
CVCUSDT,RVNUSDT,0.01,-3.94,-3.37,5.46,24
SFPUSDT,XAIUSDT,0.0,-4.6,-3.37,1.09,24
VETUSDT,GALAUSDT,0.01,-3.96,-3.37,0.8,24
BNBUSDT,LUNA2USDT,0.02,-3.69,-3.37,990.1,24
ORBSUSDT,TAOUSDT,0.03,-3.56,-3.37,0.0,24
IOTAUSDT,GALAUSDT,0.02,-3.72,-3.37,5.12,24
MATICUSDT,CAKEUSDT,0.0,-4.42,-3.37,0.25,24
WUSDT,IOTXUSDT,0.02,-3.76,-3.37,10.94,24
MANAUSDT,BNBUSDT,0.02,-3.62,-3.37,0.0,24
BOMEUSDT,XAIUSDT,0.04,-3.42,-3.37,0.02,24
TRXUSDT,FRONTUSDT,0.02,-3.67,-3.37,0.09,24
JUPUSDT,FTMUSDT,0.0,-4.4,-3.37,1.41,24
XRPUSDT,CAKEUSDT,0.01,-4.09,-3.37,0.18,24
APEUSDT,PEOPLEUSDT,0.02,-3.68,-3.37,16.51,24
TRXUSDT,ANKRUSDT,0.03,-3.55,-3.37,2.5,24
ICPUSDT,LPTUSDT,0.01,-3.87,-3.37,0.56,24
KSMUSDT,DOGEUSDT,0.02,-3.61,-3.37,192.62,24
LRCUSDT,LUNCUSDT,0.0,-4.19,-3.37,2446.0,24
DENTUSDT,KAVAUSDT,0.02,-3.73,-3.37,0.0,24
TRXUSDT,BSVUSDT,0.04,-3.44,-3.37,0.0,24
LTCUSDT,LPTUSDT,0.01,-3.81,-3.37,3.82,24
BATUSDT,LUNA2USDT,0.02,-3.68,-3.37,0.41,24
GMTUSDT,OMGUSDT,0.03,-3.59,-3.37,0.32,24
APEUSDT,RUNEUSDT,0.03,-3.58,-3.37,0.2,23
BNBUSDT,PYTHUSDT,0.0,-4.7,-3.37,1365.75,23
MASKUSDT,EGLDUSDT,0.03,-3.57,-3.37,0.09,23
FILUSDT,OMUSDT,0.01,-3.8,-3.37,8.8,23
MOVRUSDT,GTCUSDT,0.04,-3.4,-3.37,11.71,23
COMPUSDT,SUSHIUSDT,0.03,-3.57,-3.37,50.43,23
STMXUSDT,ETHUSDT,0.0,-4.24,-3.37,0.0,23
ENJUSDT,AEVOUSDT,0.02,-3.76,-3.37,0.4,23
SUIUSDT,LTCUSDT,0.0,-4.2,-3.37,0.01,23
DENTUSDT,DOGEUSDT,0.04,-3.39,-3.37,0.01,23
WUSDT,CKBUSDT,0.0,-4.56,-3.37,35.69,23
WUSDT,FLMUSDT,0.0,-4.28,-3.37,5.87,23
DENTUSDT,FILUSDT,0.03,-3.51,-3.37,0.0,23
IOTAUSDT,FILUSDT,0.05,-3.37,-3.37,0.04,23
MASKUSDT,ARPAUSDT,0.02,-3.71,-3.37,47.91,23
ICXUSDT,FTMUSDT,0.02,-3.63,-3.37,0.28,23
LUNA2USDT,LTCUSDT,0.04,-3.45,-3.37,0.01,22
TRXUSDT,LUNCUSDT,0.02,-3.75,-3.37,999.69,22
DOTUSDT,CYBERUSDT,0.01,-3.88,-3.37,0.82,22
ICPUSDT,NEARUSDT,0.02,-3.62,-3.37,1.57,22
MOVRUSDT,PEOPLEUSDT,0.03,-3.51,-3.37,194.77,22
IOTAUSDT,TRXUSDT,0.02,-3.59,-3.37,1.99,22
MASKUSDT,PEOPLEUSDT,0.04,-3.4,-3.37,44.27,22
TRXUSDT,BAKEUSDT,0.04,-3.4,-3.37,0.36,22
BOMEUSDT,DYMUSDT,0.03,-3.48,-3.37,0.0,22
APEUSDT,USDCUSDT,0.02,-3.63,-3.37,1.3,22
XRPUSDT,AXSUSDT,0.02,-3.6,-3.37,0.07,22
JUPUSDT,GLMUSDT,0.03,-3.48,-3.37,2.2,22
SANDUSDT,DOGEUSDT,0.04,-3.47,-3.37,2.71,22
BOMEUSDT,GALUSDT,0.02,-3.69,-3.37,0.0,22
SUSHIUSDT,PENDLEUSDT,0.02,-3.66,-3.37,0.19,22
BNBUSDT,GALAUSDT,0.0,-4.39,-3.37,13543.88,22
FILUSDT,CYBERUSDT,0.03,-3.56,-3.37,0.66,22
LUNCUSDT,LTCUSDT,0.03,-3.57,-3.37,0.0,22
IOTAUSDT,XTZUSDT,0.02,-3.72,-3.37,0.23,22
AEVOUSDT,EGLDUSDT,0.03,-3.53,-3.37,0.02,22
FILUSDT,SEIUSDT,0.02,-3.67,-3.37,11.09,22
WUSDT,1000BONKUSDT,0.01,-3.87,-3.37,15.95,22
MANAUSDT,SANDUSDT,0.02,-3.67,-3.37,1.01,21
COTIUSDT,FTMUSDT,0.02,-3.65,-3.37,0.16,21
VETUSDT,STGUSDT,0.03,-3.49,-3.37,0.07,21
VETUSDT,ONTUSDT,0.02,-3.62,-3.37,0.12,21
XRPUSDT,XTZUSDT,0.01,-3.94,-3.37,0.55,21
JUPUSDT,LUNCUSDT,0.01,-4.0,-3.37,10107.4,21
LTCUSDT,RVNUSDT,0.01,-3.93,-3.37,2811.87,21
JUPUSDT,SANDUSDT,0.04,-3.38,-3.37,2.56,21
ORDIUSDT,AXLUSDT,0.01,-3.78,-3.37,41.89,21
MASKUSDT,ANKRUSDT,0.04,-3.45,-3.37,76.18,21
IOTAUSDT,DOGEUSDT,0.02,-3.71,-3.37,1.37,21
ADAUSDT,SUIUSDT,0.02,-3.73,-3.37,0.44,21
BNBUSDT,ASTRUSDT,0.01,-4.01,-3.37,6630.23,21
FILUSDT,LUNA2USDT,0.03,-3.48,-3.37,9.75,21
DENTUSDT,ICXUSDT,0.02,-3.75,-3.37,0.01,21
LTCUSDT,USDCUSDT,0.01,-4.08,-3.37,84.83,21
SUSHIUSDT,ARBUSDT,0.04,-3.43,-3.37,1.04,21
IDUSDT,NEARUSDT,0.0,-4.16,-3.37,0.1,20
BATUSDT,NEARUSDT,0.04,-3.39,-3.37,0.03,20
IOTAUSDT,NEARUSDT,0.01,-3.82,-3.37,0.03,20
BATUSDT,PEOPLEUSDT,0.04,-3.44,-3.37,3.14,20
BATUSDT,GALAUSDT,0.02,-3.75,-3.37,5.57,20
BTCUSDT,PEOPLEUSDT,0.04,-3.45,-3.37,870917.79,20
DENTUSDT,GALAUSDT,0.0,-4.47,-3.37,0.03,20
WUSDT,EGLDUSDT,0.04,-3.38,-3.37,0.01,20
BOMEUSDT,ARPAUSDT,0.02,-3.65,-3.37,0.18,20
ADAUSDT,PYTHUSDT,0.02,-3.64,-3.37,1.05,20
ICPUSDT,GALAUSDT,0.0,-4.68,-3.37,277.22,20
1000XECUSDT,ZRXUSDT,0.01,-3.95,-3.37,0.09,20
NTRNUSDT,NFPUSDT,0.0,-4.11,-3.37,1.45,20
TRXUSDT,GRTUSDT,0.0,-4.16,-3.37,0.35,20
LTCUSDT,TAOUSDT,0.0,-4.58,-3.37,0.2,20
TRXUSDT,FETUSDT,0.0,-4.3,-3.37,0.05,20
TRXUSDT,OPUSDT,0.04,-3.42,-3.37,0.04,20
ICPUSDT,PEOPLEUSDT,0.0,-4.22,-3.37,156.27,20
1000SATSUSDT,NFPUSDT,0.04,-3.45,-3.37,0.0,20
MOVRUSDT,BLURUSDT,0.04,-3.47,-3.37,35.37,20
ETHUSDT,PORTALUSDT,0.03,-3.54,-3.37,4474.91,20
BOMEUSDT,TLMUSDT,0.01,-3.84,-3.37,0.74,20
MANAUSDT,TLMUSDT,0.03,-3.47,-3.37,25.0,19
MANAUSDT,LQTYUSDT,0.04,-3.42,-3.37,0.4,19
MANAUSDT,DOGEUSDT,0.01,-3.83,-3.37,2.75,19
ADAUSDT,LUNA2USDT,0.03,-3.51,-3.37,0.76,19
TRXUSDT,ARUSDT,0.0,-4.16,-3.37,0.0,19
1000XECUSDT,SUPERUSDT,0.01,-3.77,-3.37,0.05,19
IOTAUSDT,SANDUSDT,0.03,-3.57,-3.37,0.51,19
ENJUSDT,JOEUSDT,0.02,-3.66,-3.37,0.75,19
ATAUSDT,XVSUSDT,0.04,-3.39,-3.37,0.02,19
GMTUSDT,BANDUSDT,0.0,-4.12,-3.37,0.14,19
GMTUSDT,CKBUSDT,0.0,-4.21,-3.37,14.43,19
MOVRUSDT,DENTUSDT,0.04,-3.43,-3.37,11027.24,19
MATICUSDT,STXUSDT,0.04,-3.47,-3.37,0.36,19
ICPUSDT,LUNCUSDT,0.01,-3.9,-3.37,107954.89,19
SKLUSDT,BCHUSDT,0.02,-3.65,-3.37,0.0,19
BNBUSDT,OMUSDT,0.02,-3.73,-3.37,893.3,19
1000XECUSDT,LOOMUSDT,0.01,-3.8,-3.37,0.57,19
1000XECUSDT,BATUSDT,0.02,-3.71,-3.37,0.2,19
ICPUSDT,SUPERUSDT,0.02,-3.67,-3.37,11.95,19
ALGOUSDT,PIXELUSDT,0.04,-3.41,-3.37,0.48,18
1000XECUSDT,GRTUSDT,0.0,-4.28,-3.37,0.15,18
WUSDT,USDCUSDT,0.03,-3.59,-3.37,0.58,18
TRXUSDT,LPTUSDT,0.0,-4.24,-3.37,0.01,18
MATICUSDT,VGXUSDT,0.0,-4.73,-3.37,9.28,18
LUNCUSDT,XRPUSDT,0.04,-3.4,-3.37,0.0,18
ICPUSDT,FRONTUSDT,0.01,-3.82,-3.37,9.77,18
TRXUSDT,OCEANUSDT,0.0,-4.23,-3.37,0.12,18
TRXUSDT,AGIXUSDT,0.01,-4.08,-3.37,0.12,18
LTCUSDT,GRTUSDT,0.0,-4.43,-3.37,262.07,18
ADAUSDT,GALAUSDT,0.01,-3.89,-3.37,10.44,18
ADAUSDT,LPTUSDT,0.02,-3.64,-3.37,0.02,18
BNBUSDT,PEOPLEUSDT,0.01,-4.01,-3.37,7644.41,18
ADAUSDT,TAOUSDT,0.01,-4.03,-3.37,0.0,18
LRCUSDT,GALAUSDT,0.02,-3.72,-3.37,6.28,18
LITUSDT,NEARUSDT,0.04,-3.43,-3.37,0.14,18
MASKUSDT,C98USDT,0.02,-3.68,-3.37,13.47,18
ATAUSDT,XAIUSDT,0.03,-3.55,-3.37,0.22,18
MANAUSDT,KAVAUSDT,0.04,-3.43,-3.37,0.67,18
WLDUSDT,ENAUSDT,0.04,-3.46,-3.37,5.36,18
DENTUSDT,BTCUSDT,0.04,-3.42,-3.37,0.0,18
XRPUSDT,BLURUSDT,0.02,-3.76,-3.37,1.22,18
XRPUSDT,MAVUSDT,0.05,-3.38,-3.37,1.2,18
APEUSDT,UNFIUSDT,0.01,-3.96,-3.37,0.25,18
XRPUSDT,BAKEUSDT,0.02,-3.66,-3.37,1.65,18
MOVRUSDT,LUNCUSDT,0.01,-3.96,-3.37,134304.29,18
MOVRUSDT,IOTAUSDT,0.02,-3.67,-3.37,67.35,18
MOVRUSDT,GALAUSDT,0.02,-3.6,-3.37,344.83,18
ATAUSDT,BOMEUSDT,0.04,-3.42,-3.37,12.46,18
1000XECUSDT,ANKRUSDT,0.0,-4.23,-3.37,1.07,18
TRXUSDT,XTZUSDT,0.02,-3.6,-3.37,0.12,18
ICPUSDT,ARUSDT,0.0,-4.13,-3.37,0.3,17
STRKUSDT,JTOUSDT,0.03,-3.58,-3.37,0.33,17
BATUSDT,STXUSDT,0.03,-3.58,-3.37,0.12,17
BATUSDT,USDCUSDT,0.02,-3.7,-3.37,0.25,17
DENTUSDT,STXUSDT,0.04,-3.38,-3.37,0.0,17
LTCUSDT,HBARUSDT,0.0,-4.34,-3.37,785.19,17
CVCUSDT,RDNTUSDT,0.0,-4.33,-3.37,0.86,17
IOTAUSDT,ADAUSDT,0.04,-3.39,-3.37,0.49,17
CVCUSDT,STGUSDT,0.04,-3.4,-3.37,0.33,17
MASKUSDT,IOTXUSDT,0.05,-3.37,-3.37,66.0,17
ICPUSDT,AVAXUSDT,0.02,-3.67,-3.37,0.32,17
MOVRUSDT,TRXUSDT,0.04,-3.45,-3.37,134.25,17
WUSDT,API3USDT,0.03,-3.5,-3.37,0.2,17
GMTUSDT,KSMUSDT,0.02,-3.71,-3.37,0.01,17
BCHUSDT,USDCUSDT,0.01,-4.06,-3.37,486.92,17
WUSDT,BANDUSDT,0.03,-3.57,-3.37,0.34,17
MASKUSDT,LTCUSDT,0.04,-3.43,-3.37,0.04,17
ICPUSDT,MANTAUSDT,0.0,-4.29,-3.37,7.08,17
ENJUSDT,XAIUSDT,0.04,-3.4,-3.37,0.48,17
WUSDT,LINKUSDT,0.04,-3.39,-3.37,0.03,17
GMTUSDT,COMPUSDT,0.01,-3.84,-3.37,0.0,17
SUSHIUSDT,BEAMUSDT,0.0,-4.41,-3.37,43.41,17
LITUSDT,LINKUSDT,0.03,-3.48,-3.37,0.06,17
MANAUSDT,ICPUSDT,0.04,-3.47,-3.37,0.04,17
HOTUSDT,ATOMUSDT,0.02,-3.7,-3.37,0.0,17
HOTUSDT,API3USDT,0.04,-3.38,-3.37,0.0,17
XAIUSDT,XRPUSDT,0.04,-3.38,-3.37,1.41,17
CRVUSDT,BIGTIMEUSDT,0.03,-3.52,-3.37,2.44,17
SOLUSDT,RNDRUSDT,0.04,-3.45,-3.37,16.51,17
VETUSDT,STXUSDT,0.01,-3.79,-3.37,0.02,17
BELUSDT,1INCHUSDT,0.0,-4.38,-3.37,2.04,17
MATICUSDT,STGUSDT,0.01,-3.86,-3.37,1.44,17
LRCUSDT,ACHUSDT,0.03,-3.54,-3.37,9.18,17
JUPUSDT,CFXUSDT,0.04,-3.42,-3.37,5.14,16
MASKUSDT,1000BONKUSDT,0.04,-3.46,-3.37,96.16,16
ICXUSDT,LUNCUSDT,0.01,-3.85,-3.37,1990.79,16
MASKUSDT,OMGUSDT,0.01,-3.77,-3.37,4.78,16
MANAUSDT,ETCUSDT,0.03,-3.51,-3.37,0.01,16
IOTAUSDT,PEOPLEUSDT,0.03,-3.56,-3.37,2.89,16
MASKUSDT,GMTUSDT,0.04,-3.42,-3.37,14.92,16
ICPUSDT,ETHFIUSDT,0.02,-3.7,-3.37,2.59,16
ATAUSDT,ETCUSDT,0.02,-3.72,-3.37,0.01,16
VETUSDT,LUNA2USDT,0.03,-3.59,-3.37,0.06,16
YGGUSDT,DYDXUSDT,0.04,-3.4,-3.37,0.48,16
ICPUSDT,GRTUSDT,0.0,-4.56,-3.37,38.13,16
GMTUSDT,MINAUSDT,0.04,-3.43,-3.37,0.28,16
GMTUSDT,COREUSDT,0.01,-4.05,-3.37,0.12,16
MOVRUSDT,NEARUSDT,0.01,-3.79,-3.37,1.96,16
MASKUSDT,CRVUSDT,0.04,-3.47,-3.37,7.22,16
MOVRUSDT,KNCUSDT,0.03,-3.54,-3.37,23.26,16
ICPUSDT,TAOUSDT,0.03,-3.52,-3.37,0.03,16
MASKUSDT,SPELLUSDT,0.04,-3.41,-3.37,3765.07,16
BOMEUSDT,ZILUSDT,0.04,-3.45,-3.37,0.55,16
IOTAUSDT,SUSHIUSDT,0.05,-3.37,-3.37,0.19,16
TRXUSDT,ONEUSDT,0.01,-3.92,-3.37,5.05,16
ICPUSDT,ANKRUSDT,0.0,-4.26,-3.37,269.6,16
BATUSDT,LUNCUSDT,0.02,-3.63,-3.37,2167.5,16
ADAUSDT,GLMUSDT,0.01,-4.04,-3.37,0.88,16
FILUSDT,PEOPLEUSDT,0.02,-3.64,-3.37,75.22,16
GMTUSDT,AAVEUSDT,0.03,-3.47,-3.37,0.0,15
ICPUSDT,RNDRUSDT,0.03,-3.52,-3.37,1.2,15
MANAUSDT,FTMUSDT,0.04,-3.46,-3.37,0.56,15
MOVRUSDT,SFPUSDT,0.03,-3.51,-3.37,18.79,15
JTOUSDT,BNTUSDT,0.03,-3.57,-3.37,4.65,15
VETUSDT,FILUSDT,0.02,-3.59,-3.37,0.01,15
MANAUSDT,SOLUSDT,0.01,-3.86,-3.37,0.0,15
LTCUSDT,LOOKSUSDT,0.02,-3.71,-3.37,870.89,15
ADAUSDT,STMXUSDT,0.0,-4.14,-3.37,56.84,15
TRXUSDT,MANTAUSDT,0.01,-3.79,-3.37,0.07,15
STXUSDT,DOTUSDT,0.05,-3.37,-3.37,0.27,15
MOVRUSDT,CHZUSDT,0.03,-3.59,-3.37,114.66,15
LTCUSDT,QNTUSDT,0.03,-3.48,-3.37,0.91,15
MANAUSDT,ONTUSDT,0.02,-3.69,-3.37,1.48,15
MINAUSDT,AAVEUSDT,0.0,-4.58,-3.37,0.01,15
APEUSDT,ENSUSDT,0.04,-3.4,-3.37,0.05,15
LUNCUSDT,ADAUSDT,0.01,-3.78,-3.37,0.0,15
APEUSDT,GRTUSDT,0.02,-3.61,-3.37,4.01,15
BATUSDT,TRXUSDT,0.03,-3.53,-3.37,2.17,15
YGGUSDT,DOGEUSDT,0.04,-3.41,-3.37,5.88,15
BCHUSDT,CHZUSDT,0.02,-3.73,-3.37,3629.79,15
ADAUSDT,THETAUSDT,0.01,-3.84,-3.37,0.2,15
BATUSDT,GRTUSDT,0.02,-3.59,-3.37,0.77,15
YGGUSDT,COREUSDT,0.0,-4.28,-3.37,0.49,15
MOVRUSDT,IMXUSDT,0.04,-3.42,-3.37,6.4,15
LTCUSDT,ACEUSDT,0.01,-4.06,-3.37,15.7,15
MASKUSDT,HOTUSDT,0.04,-3.44,-3.37,1430.38,15
MANAUSDT,RNDRUSDT,0.01,-3.78,-3.37,0.04,15
CELRUSDT,LINKUSDT,0.04,-3.42,-3.37,0.0,15
MASKUSDT,ETCUSDT,0.01,-4.05,-3.37,0.11,14
BOMEUSDT,ATOMUSDT,0.0,-4.13,-3.37,0.0,14
TRXUSDT,NEARUSDT,0.01,-3.8,-3.37,0.01,14
TRXUSDT,GALAUSDT,0.03,-3.51,-3.37,2.57,14
MANAUSDT,RUNEUSDT,0.03,-3.55,-3.37,0.07,14
SANDUSDT,SOLUSDT,0.04,-3.41,-3.37,0.0,14
SOLUSDT,PEOPLEUSDT,0.04,-3.38,-3.37,2153.11,14
IOTAUSDT,ETCUSDT,0.04,-3.41,-3.37,0.01,14
ATAUSDT,ARPAUSDT,0.03,-3.51,-3.37,2.3,14
IOTAUSDT,WOOUSDT,0.04,-3.4,-3.37,0.67,14
WUSDT,GALUSDT,0.0,-4.71,-3.37,0.15,14
IOTAUSDT,RUNEUSDT,0.04,-3.43,-3.37,0.03,14
SUSHIUSDT,PEPEUSDT,0.03,-3.53,-3.37,81236.51,14
BOMEUSDT,WAXPUSDT,0.0,-4.61,-3.37,0.2,14
APEUSDT,ZRXUSDT,0.03,-3.51,-3.37,2.33,13
APEUSDT,SUIUSDT,0.03,-3.54,-3.37,1.23,13
APEUSDT,WOOUSDT,0.04,-3.41,-3.37,3.82,13
APEUSDT,FLMUSDT,0.04,-3.39,-3.37,13.2,13
APEUSDT,HBARUSDT,0.02,-3.67,-3.37,12.03,13
MOVRUSDT,RSRUSDT,0.02,-3.74,-3.37,1828.96,13
APEUSDT,ANKRUSDT,0.04,-3.45,-3.37,28.4,13
LQTYUSDT,SOLUSDT,0.01,-3.87,-3.37,0.01,13
LUNA2USDT,BCHUSDT,0.04,-3.38,-3.37,0.0,13
BNTUSDT,SOLUSDT,0.02,-3.66,-3.37,0.0,13
LQTYUSDT,LTCUSDT,0.03,-3.53,-3.37,0.01,13
COTIUSDT,GALAUSDT,0.0,-4.4,-3.37,3.04,13
ZETAUSDT,IOSTUSDT,0.04,-3.44,-3.37,163.36,13
NTRNUSDT,KLAYUSDT,0.04,-3.4,-3.37,3.82,13
LUNCUSDT,ETCUSDT,0.01,-3.81,-3.37,0.0,13
JUPUSDT,STMXUSDT,0.0,-4.86,-3.37,141.34,13
MASKUSDT,SUIUSDT,0.04,-3.39,-3.37,3.29,13
LOOKSUSDT,EOSUSDT,0.02,-3.67,-3.37,0.12,13
XAIUSDT,BCHUSDT,0.0,-4.3,-3.37,0.0,13
WUSDT,DARUSDT,0.01,-3.88,-3.37,3.52,13
WUSDT,LEVERUSDT,0.01,-3.87,-3.37,152.97,13
LITUSDT,API3USDT,0.01,-3.82,-3.37,0.38,13
STMXUSDT,BTCUSDT,0.0,-4.18,-3.37,0.0,13
ACEUSDT,EOSUSDT,0.02,-3.7,-3.37,6.49,13
MOVRUSDT,EOSUSDT,0.03,-3.53,-3.37,18.45,13
STMXUSDT,XRPUSDT,0.0,-4.35,-3.37,0.02,13
ORBSUSDT,STGUSDT,0.04,-3.4,-3.37,0.07,13
AEVOUSDT,BCHUSDT,0.04,-3.38,-3.37,0.0,13
APEUSDT,ALGOUSDT,0.03,-3.54,-3.37,6.86,13
LTCUSDT,MANTAUSDT,0.01,-3.99,-3.37,48.72,13
BCHUSDT,ACEUSDT,0.04,-3.43,-3.37,90.1,13
APEUSDT,TRXUSDT,0.02,-3.65,-3.37,11.37,13
IOTAUSDT,GRTUSDT,0.03,-3.57,-3.37,0.7,13
APEUSDT,ADAUSDT,0.03,-3.58,-3.37,2.8,13
LTCUSDT,XAIUSDT,0.04,-3.44,-3.37,113.6,13
LTCUSDT,PIXELUSDT,0.02,-3.66,-3.37,213.86,13
LRCUSDT,STMXUSDT,0.02,-3.74,-3.37,34.2,13
BNBUSDT,SUPERUSDT,0.03,-3.48,-3.37,583.68,13
LTCUSDT,FRONTUSDT,0.0,-4.28,-3.37,67.17,13
ADAUSDT,LINKUSDT,0.04,-3.43,-3.37,0.03,13
BNBUSDT,MANTAUSDT,0.01,-3.99,-3.37,346.29,13
ADAUSDT,RDNTUSDT,0.01,-4.01,-3.37,2.42,13
ADAUSDT,MANTAUSDT,0.04,-3.47,-3.37,0.27,13
BNBUSDT,STXUSDT,0.04,-3.41,-3.37,301.2,13
ZILUSDT,IOTXUSDT,0.04,-3.39,-3.37,0.46,13
MATICUSDT,LSKUSDT,0.04,-3.39,-3.37,0.44,13
SANDUSDT,FILUSDT,0.04,-3.41,-3.37,0.08,13
MATICUSDT,HOOKUSDT,0.04,-3.39,-3.37,0.8,13
IOTAUSDT,EOSUSDT,0.03,-3.52,-3.37,0.27,13
IOTAUSDT,THETAUSDT,0.02,-3.68,-3.37,0.1,13
EOSUSDT,RDNTUSDT,0.02,-3.62,-3.37,4.33,13
ALGOUSDT,TNSRUSDT,0.03,-3.47,-3.37,0.18,13
EOSUSDT,IMXUSDT,0.03,-3.59,-3.37,0.35,13
IOTAUSDT,LUNA2USDT,0.04,-3.39,-3.37,0.37,13
EOSUSDT,USDCUSDT,0.02,-3.61,-3.37,0.83,13
IOTAUSDT,ZRXUSDT,0.03,-3.59,-3.37,0.41,13
EOSUSDT,XLMUSDT,0.03,-3.53,-3.37,7.6,13
BCHUSDT,RDNTUSDT,0.02,-3.62,-3.37,2532.12,13
ETHUSDT,PEPEUSDT,0.01,-3.94,-3.37,251253657.45,12
TRXUSDT,HOOKUSDT,0.01,-3.98,-3.37,0.13,12
QNTUSDT,BCHUSDT,0.04,-3.4,-3.37,0.19,12
MATICUSDT,PEPEUSDT,0.04,-3.43,-3.37,48097.46,12
MATICUSDT,FXSUSDT,0.03,-3.48,-3.37,0.16,12
BOMEUSDT,C98USDT,0.02,-3.64,-3.37,0.05,12
SOLUSDT,ETHFIUSDT,0.01,-3.83,-3.37,35.6,12
BOMEUSDT,XVGUSDT,0.0,-4.17,-3.37,2.32,12
TRXUSDT,TAOUSDT,0.0,-4.42,-3.37,0.0,12
MOVRUSDT,CRVUSDT,0.03,-3.59,-3.37,31.76,12
YGGUSDT,SXPUSDT,0.0,-5.26,-3.37,2.78,12
ATAUSDT,ENJUSDT,0.04,-3.45,-3.37,0.47,12
IOTAUSDT,KSMUSDT,0.04,-3.39,-3.37,0.01,12
MOVRUSDT,WOOUSDT,0.05,-3.37,-3.37,45.09,12
LITUSDT,ETCUSDT,0.0,-4.43,-3.37,0.03,12
APEUSDT,BLURUSDT,0.04,-3.38,-3.37,3.0,12
LOOKSUSDT,BCHUSDT,0.01,-3.95,-3.37,0.0,11
IOTAUSDT,AVAXUSDT,0.03,-3.56,-3.37,0.01,11
ICPUSDT,ACEUSDT,0.03,-3.5,-3.37,2.28,11
ORBSUSDT,RDNTUSDT,0.0,-4.83,-3.37,0.18,11
BNTUSDT,LTCUSDT,0.03,-3.49,-3.37,0.01,11
MANAUSDT,RDNTUSDT,0.03,-3.48,-3.37,2.38,11
DENTUSDT,RNDRUSDT,0.02,-3.6,-3.37,0.0,11
IDUSDT,STGUSDT,0.02,-3.61,-3.37,1.48,11
SOLUSDT,MAVUSDT,0.03,-3.51,-3.37,383.32,11
IOTAUSDT,IMXUSDT,0.02,-3.73,-3.37,0.1,11
MANAUSDT,OPUSDT,0.04,-3.41,-3.37,0.18,11
MASKUSDT,OPUSDT,0.03,-3.54,-3.37,1.35,11
MANAUSDT,SXPUSDT,0.01,-3.9,-3.37,1.3,11
MANAUSDT,ADAUSDT,0.04,-3.38,-3.37,0.98,11
JOEUSDT,ATOMUSDT,0.01,-3.92,-3.37,0.06,11
MASKUSDT,IMXUSDT,0.03,-3.52,-3.37,1.45,11
BNBUSDT,STMXUSDT,0.0,-4.29,-3.37,73742.74,11
FILUSDT,LUNCUSDT,0.04,-3.44,-3.37,51930.34,11
FILUSDT,STMXUSDT,0.05,-3.37,-3.37,726.12,11
MANAUSDT,BSVUSDT,0.04,-3.41,-3.37,0.01,11
BATUSDT,CHZUSDT,0.04,-3.38,-3.37,1.85,11
BELUSDT,SHIBUSDT,0.01,-3.84,-3.37,34668.76,11
MOVRUSDT,STMXUSDT,0.04,-3.38,-3.37,1877.27,11
IOTAUSDT,BCHUSDT,0.02,-3.63,-3.37,0.0,11
LTCUSDT,OMGUSDT,0.04,-3.4,-3.37,116.29,11
LTCUSDT,RDNTUSDT,0.0,-5.03,-3.37,441.28,11
MASKUSDT,TRXUSDT,0.03,-3.47,-3.37,30.5,11
LTCUSDT,SAGAUSDT,0.01,-3.79,-3.37,34.12,11
METISUSDT,DOTUSDT,0.04,-3.38,-3.37,10.43,11
ADAUSDT,FETUSDT,0.01,-4.05,-3.37,0.2,11
APEUSDT,LEVERUSDT,0.01,-3.91,-3.37,344.06,11
TLMUSDT,BCHUSDT,0.01,-4.07,-3.37,0.0,11
BATUSDT,ARUSDT,0.03,-3.52,-3.37,0.01,11
TRXUSDT,GMXUSDT,0.03,-3.58,-3.37,0.0,11
SOLUSDT,LDOUSDT,0.01,-3.86,-3.37,71.5,10
HOTUSDT,SHIBUSDT,0.03,-3.55,-3.37,95.6,10
LRCUSDT,ETHFIUSDT,0.01,-4.0,-3.37,0.06,10
MOVRUSDT,SSVUSDT,0.03,-3.48,-3.37,0.33,10
MANAUSDT,ONEUSDT,0.01,-3.95,-3.37,20.18,10
MOVRUSDT,BNXUSDT,0.02,-3.61,-3.37,11.89,10
XRPUSDT,BNXUSDT,0.04,-3.38,-3.37,0.41,10
ALGOUSDT,COREUSDT,0.01,-3.88,-3.37,0.1,10
TRXUSDT,CYBERUSDT,0.03,-3.53,-3.37,0.01,10
ICPUSDT,ALTUSDT,0.04,-3.41,-3.37,35.31,10
STRKUSDT,KNCUSDT,0.03,-3.5,-3.37,1.89,10
GMTUSDT,1000BONKUSDT,0.0,-4.14,-3.37,6.45,10
MOVRUSDT,UNFIUSDT,0.04,-3.42,-3.37,3.0,10
TRXUSDT,UNFIUSDT,0.01,-4.07,-3.37,0.02,10
APEUSDT,ETCUSDT,0.02,-3.65,-3.37,0.04,10
TRXUSDT,CHRUSDT,0.01,-3.86,-3.37,0.33,10
MASKUSDT,COREUSDT,0.03,-3.56,-3.37,1.75,10
IOTAUSDT,KNCUSDT,0.03,-3.57,-3.37,0.35,10
IOTAUSDT,SHIBUSDT,0.04,-3.42,-3.37,8931.22,10
ADAUSDT,GRTUSDT,0.0,-4.32,-3.37,1.44,10
MATICUSDT,TAOUSDT,0.03,-3.58,-3.37,0.0,10
MANAUSDT,SUSHIUSDT,0.04,-3.44,-3.37,0.37,10
MANAUSDT,NKNUSDT,0.03,-3.48,-3.37,3.8,9
LRCUSDT,AAVEUSDT,0.04,-3.43,-3.37,0.0,9
TLMUSDT,EOSUSDT,0.04,-3.46,-3.37,0.02,9
LRCUSDT,METISUSDT,0.03,-3.5,-3.37,0.0,9
MANAUSDT,MKRUSDT,0.03,-3.48,-3.37,0.0,9
LQTYUSDT,ADAUSDT,0.02,-3.62,-3.37,2.44,9
GMXUSDT,BCHUSDT,0.03,-3.59,-3.37,0.07,9
APEUSDT,IOSTUSDT,0.03,-3.48,-3.37,141.24,9
MANAUSDT,IMXUSDT,0.04,-3.4,-3.37,0.19,9
MANAUSDT,ENSUSDT,0.04,-3.39,-3.37,0.02,9
XRPUSDT,CHRUSDT,0.0,-4.62,-3.37,1.53,9
MOVRUSDT,RNDRUSDT,0.03,-3.49,-3.37,1.49,9
MOVRUSDT,GRTUSDT,0.04,-3.38,-3.37,47.41,9
MOVRUSDT,SXPUSDT,0.04,-3.43,-3.37,43.74,9
MOVRUSDT,AAVEUSDT,0.04,-3.47,-3.37,0.15,9
MOVRUSDT,ETHUSDT,0.02,-3.7,-3.37,0.0,9
LTCUSDT,SHIBUSDT,0.04,-3.44,-3.37,3323495.27,9
LTCUSDT,FLMUSDT,0.04,-3.39,-3.37,860.59,9
WUSDT,CHZUSDT,0.03,-3.47,-3.37,4.33,9
LTCUSDT,TNSRUSDT,0.01,-4.06,-3.37,82.38,9
ADAUSDT,RADUSDT,0.04,-3.38,-3.37,0.27,9
ADAUSDT,SUPERUSDT,0.0,-4.42,-3.37,0.45,9
TRXUSDT,EGLDUSDT,0.04,-3.41,-3.37,0.0,9
ZETAUSDT,RDNTUSDT,0.0,-4.56,-3.37,7.81,9
TRXUSDT,FXSUSDT,0.04,-3.46,-3.37,0.02,9
TRXUSDT,AXLUSDT,0.04,-3.43,-3.37,0.12,9
SOLUSDT,MAGICUSDT,0.02,-3.65,-3.37,211.75,9
BATUSDT,TRUUSDT,0.03,-3.5,-3.37,1.48,9
MATICUSDT,RADUSDT,0.03,-3.53,-3.37,0.42,9
RADUSDT,BCHUSDT,0.0,-4.22,-3.37,0.0,9
RADUSDT,BTCUSDT,0.0,-4.26,-3.37,0.0,9
DENTUSDT,STMXUSDT,0.03,-3.51,-3.37,0.17,9
ICPUSDT,LINKUSDT,0.03,-3.5,-3.37,0.7,9
ICPUSDT,OCEANUSDT,0.0,-4.54,-3.37,12.68,9
ICPUSDT,AGIXUSDT,0.0,-4.44,-3.37,12.72,9
SFPUSDT,RSRUSDT,0.05,-3.37,-3.37,97.28,9
NKNUSDT,UNIUSDT,0.01,-3.92,-3.37,0.01,9
BATUSDT,HBARUSDT,0.04,-3.42,-3.37,2.29,9
BSVUSDT,LINKUSDT,0.01,-3.94,-3.37,3.64,9
IOTAUSDT,CHZUSDT,0.02,-3.68,-3.37,1.7,9
MASKUSDT,GRTUSDT,0.04,-3.4,-3.37,10.77,9
APEUSDT,TRUUSDT,0.02,-3.73,-3.37,7.81,9
MASKUSDT,GMXUSDT,0.02,-3.6,-3.37,0.11,9
GMTUSDT,UNIUSDT,0.01,-3.89,-3.37,0.02,9
MASKUSDT,TRUUSDT,0.0,-4.11,-3.37,20.95,9
MASKUSDT,HBARUSDT,0.03,-3.5,-3.37,32.27,9
MASKUSDT,BELUSDT,0.01,-4.08,-3.37,3.94,9
MASKUSDT,AVAXUSDT,0.04,-3.4,-3.37,0.09,9
MASKUSDT,LINKUSDT,0.01,-3.87,-3.37,0.2,9
LUNCUSDT,BCHUSDT,0.04,-3.47,-3.37,0.0,9
LUNCUSDT,EOSUSDT,0.04,-3.47,-3.37,0.0,9
IOTAUSDT,DOTUSDT,0.03,-3.47,-3.37,0.03,9
ZILUSDT,SPELLUSDT,0.04,-3.4,-3.37,26.27,9
IOTAUSDT,NEOUSDT,0.03,-3.55,-3.37,0.01,9
APEUSDT,RNDRUSDT,0.04,-3.47,-3.37,0.13,9
MASKUSDT,DARUSDT,0.01,-3.82,-3.37,21.23,9
BATUSDT,IMXUSDT,0.04,-3.44,-3.37,0.1,9
APEUSDT,SKLUSDT,0.04,-3.44,-3.37,14.73,9
APEUSDT,DARUSDT,0.01,-4.03,-3.37,7.92,9
APEUSDT,LTCUSDT,0.04,-3.47,-3.37,0.02,9
MASKUSDT,API3USDT,0.02,-3.67,-3.37,1.21,9
MASKUSDT,UNFIUSDT,0.01,-3.88,-3.37,0.68,8
MOVRUSDT,CHRUSDT,0.01,-3.92,-3.37,44.24,8
MOVRUSDT,ARBUSDT,0.04,-3.45,-3.37,12.93,8
MANAUSDT,SHIBUSDT,0.03,-3.49,-3.37,17911.99,8
MANAUSDT,KSMUSDT,0.04,-3.46,-3.37,0.01,8
LRCUSDT,ENAUSDT,0.02,-3.74,-3.37,0.32,8
MASKUSDT,ALGOUSDT,0.04,-3.42,-3.37,18.41,8
APEUSDT,COREUSDT,0.01,-3.84,-3.37,0.65,8
MASKUSDT,LEVERUSDT,0.02,-3.74,-3.37,922.89,8
WAXPUSDT,ATOMUSDT,0.04,-3.42,-3.37,0.01,8
MASKUSDT,SHIBUSDT,0.0,-4.13,-3.37,136734.82,8
GMTUSDT,PEPEUSDT,0.03,-3.57,-3.37,15453.56,8
TRXUSDT,BNXUSDT,0.01,-4.08,-3.37,0.09,8
ZILUSDT,JOEUSDT,0.02,-3.68,-3.37,0.05,8
TRXUSDT,AXSUSDT,0.03,-3.53,-3.37,0.01,8
APEUSDT,PEPEUSDT,0.03,-3.53,-3.37,85949.11,8
MOVRUSDT,ETCUSDT,0.03,-3.54,-3.37,0.49,8
LTCUSDT,1000RATSUSDT,0.03,-3.48,-3.37,603.65,8
LTCUSDT,UNFIUSDT,0.03,-3.54,-3.37,16.56,8
SOLUSDT,ALTUSDT,0.01,-3.91,-3.37,486.32,8
APEUSDT,INJUSDT,0.04,-3.39,-3.37,0.05,8
LRCUSDT,SSVUSDT,0.01,-3.93,-3.37,0.01,8
IOTAUSDT,SOLUSDT,0.04,-3.41,-3.37,0.0,8
LRCUSDT,BLURUSDT,0.01,-3.8,-3.37,0.64,8
MANAUSDT,WOOUSDT,0.02,-3.63,-3.37,1.34,8
CRVUSDT,OGNUSDT,0.03,-3.58,-3.37,3.06,8
LUNCUSDT,ETHUSDT,0.04,-3.42,-3.37,0.0,8
MOVRUSDT,PEPEUSDT,0.03,-3.51,-3.37,1014243.32,8
ALGOUSDT,UNIUSDT,0.04,-3.41,-3.37,0.02,7
1000XECUSDT,AGIXUSDT,0.02,-3.63,-3.37,0.05,7
APEUSDT,BCHUSDT,0.02,-3.61,-3.37,0.0,7
APEUSDT,SPELLUSDT,0.03,-3.51,-3.37,1403.73,7
BNBUSDT,LINKUSDT,0.03,-3.53,-3.37,34.41,7
MATICUSDT,SPELLUSDT,0.04,-3.39,-3.37,785.54,7
MKRUSDT,LINKUSDT,0.01,-3.9,-3.37,159.99,7
RADUSDT,LTCUSDT,0.0,-4.25,-3.37,0.02,7
1000XECUSDT,RDNTUSDT,0.01,-3.9,-3.37,0.26,7
ZILUSDT,LEVERUSDT,0.01,-3.8,-3.37,6.44,7
BCHUSDT,TRUUSDT,0.02,-3.72,-3.37,2907.86,7
APEUSDT,CELRUSDT,0.04,-3.43,-3.37,49.36,7
IDUSDT,LINKUSDT,0.04,-3.39,-3.37,0.04,7
LTCUSDT,ENSUSDT,0.0,-4.44,-3.37,3.48,7
BATUSDT,LINKUSDT,0.04,-3.38,-3.37,0.01,7
MASKUSDT,ZRXUSDT,0.03,-3.48,-3.37,6.26,7
MASKUSDT,CHZUSDT,0.02,-3.75,-3.37,26.08,7
MASKUSDT,FETUSDT,0.04,-3.45,-3.37,1.5,7
LQTYUSDT,UNIUSDT,0.0,-4.21,-3.37,0.11,7
MOVRUSDT,LINKUSDT,0.03,-3.5,-3.37,0.88,7
XAIUSDT,EOSUSDT,0.01,-3.99,-3.37,0.9,7
BATUSDT,ENSUSDT,0.01,-3.85,-3.37,0.01,7
LTCUSDT,LINKUSDT,0.0,-4.17,-3.37,4.84,7
MOVRUSDT,API3USDT,0.02,-3.63,-3.37,5.31,7
MANAUSDT,STMXUSDT,0.02,-3.65,-3.37,55.89,7
MASKUSDT,ARUSDT,0.04,-3.46,-3.37,0.09,7
ORBSUSDT,TRUUSDT,0.02,-3.74,-3.37,0.2,7
ORBSUSDT,ZETAUSDT,0.01,-3.96,-3.37,0.02,7
IOSTUSDT,LINKUSDT,0.04,-3.39,-3.37,0.0,7
TRXUSDT,IOTXUSDT,0.03,-3.53,-3.37,2.16,7
APEUSDT,CHZUSDT,0.04,-3.46,-3.37,9.72,7
ICPUSDT,ENSUSDT,0.04,-3.42,-3.37,0.51,7
MANAUSDT,GMXUSDT,0.03,-3.51,-3.37,0.01,7
MOVRUSDT,SPELLUSDT,0.03,-3.56,-3.37,16564.79,7
LITUSDT,ZRXUSDT,0.02,-3.65,-3.37,1.97,7
MASKUSDT,SKLUSDT,0.03,-3.53,-3.37,39.5,7
LTCUSDT,ARPAUSDT,0.03,-3.48,-3.37,1164.79,7
IOTAUSDT,ARUSDT,0.03,-3.55,-3.37,0.01,7
ASTRUSDT,LINKUSDT,0.03,-3.56,-3.37,0.01,7
LITUSDT,IMXUSDT,0.03,-3.49,-3.37,0.46,7
SKLUSDT,LINKUSDT,0.02,-3.73,-3.37,0.01,7
MOVRUSDT,RDNTUSDT,0.04,-3.47,-3.37,79.87,7
ICPUSDT,SAGAUSDT,0.03,-3.51,-3.37,4.96,7
MOVRUSDT,DARUSDT,0.04,-3.46,-3.37,93.39,7
AVAXUSDT,LINKUSDT,0.04,-3.41,-3.37,2.17,7
ICPUSDT,TNSRUSDT,0.04,-3.46,-3.37,11.98,7
MANAUSDT,FETUSDT,0.03,-3.5,-3.37,0.2,7
IOTAUSDT,ENSUSDT,0.02,-3.75,-3.37,0.01,7
ZILUSDT,DARUSDT,0.02,-3.61,-3.37,0.15,7
MOVRUSDT,ARUSDT,0.04,-3.4,-3.37,0.38,7
XRPUSDT,TIAUSDT,0.02,-3.65,-3.37,0.05,7
ICPUSDT,GMXUSDT,0.04,-3.42,-3.37,0.38,7
ICPUSDT,FETUSDT,0.0,-4.49,-3.37,5.31,7
ATAUSDT,LOOKSUSDT,0.02,-3.7,-3.37,1.72,7
ICPUSDT,TRUUSDT,0.04,-3.46,-3.37,73.78,7
ICPUSDT,RDNTUSDT,0.01,-4.01,-3.37,64.17,7
TRXUSDT,RDNTUSDT,0.04,-3.4,-3.37,0.59,7
LTCUSDT,IOTXUSDT,0.03,-3.55,-3.37,1604.64,7
ETHUSDT,REZUSDT,0.01,-3.84,-3.37,26803.1,6
MOVRUSDT,SNXUSDT,0.04,-3.41,-3.37,5.22,6
APEUSDT,1000BONKUSDT,0.02,-3.61,-3.37,35.85,6
MOVRUSDT,1000BONKUSDT,0.03,-3.54,-3.37,422.96,6
GMTUSDT,GALUSDT,0.01,-3.9,-3.37,0.06,6
SOLUSDT,ONDOUSDT,0.02,-3.71,-3.37,145.51,6
WLDUSDT,ETHFIUSDT,0.0,-4.22,-3.37,0.99,6
TRXUSDT,DOGEUSDT,0.04,-3.47,-3.37,0.69,6
IOTAUSDT,SNXUSDT,0.04,-3.43,-3.37,0.08,6
APEUSDT,LDOUSDT,0.03,-3.58,-3.37,0.55,6
MATICUSDT,GMXUSDT,0.03,-3.56,-3.37,0.02,6
LRCUSDT,PENDLEUSDT,0.03,-3.57,-3.37,0.04,6
MATICUSDT,UNFIUSDT,0.04,-3.42,-3.37,0.14,6
LRCUSDT,LDOUSDT,0.02,-3.75,-3.37,0.12,6
MATICUSDT,1000BONKUSDT,0.04,-3.42,-3.37,20.06,6
MATICUSDT,ARKMUSDT,0.04,-3.41,-3.37,0.31,6
APEUSDT,KNCUSDT,0.01,-3.94,-3.37,1.97,6
LTCUSDT,PORTALUSDT,0.04,-3.38,-3.37,99.86,6
LRCUSDT,ALTUSDT,0.01,-3.84,-3.37,0.8,6
MOVRUSDT,LDOUSDT,0.03,-3.49,-3.37,6.47,6
TRXUSDT,DYDXUSDT,0.04,-3.43,-3.37,0.06,5
TRXUSDT,LINKUSDT,0.03,-3.57,-3.37,0.01,5
LTCUSDT,OMNI1USDT,0.01,-3.82,-3.37,4.82,5
SXPUSDT,UNIUSDT,0.04,-3.4,-3.37,0.03,5
ZRXUSDT,LINKUSDT,0.02,-3.6,-3.37,0.03,5
LTCUSDT,TLMUSDT,0.02,-3.64,-3.37,4639.92,5
APEUSDT,COTIUSDT,0.04,-3.47,-3.37,9.61,5
LTCUSDT,KLAYUSDT,0.01,-3.82,-3.37,447.95,5
LTCUSDT,TRUUSDT,0.01,-3.96,-3.37,507.82,5
LTCUSDT,GMXUSDT,0.0,-4.29,-3.37,2.61,5
WUSDT,JASMYUSDT,0.01,-4.02,-3.37,24.56,5
IOTAUSDT,LINKUSDT,0.03,-3.55,-3.37,0.01,5
ATAUSDT,WIFUSDT,0.03,-3.5,-3.37,0.05,5
APEUSDT,UNIUSDT,0.02,-3.61,-3.37,0.12,5
APEUSDT,ICPUSDT,0.04,-3.42,-3.37,0.11,5
LTCUSDT,XVSUSDT,0.02,-3.62,-3.37,8.59,5
LQTYUSDT,TRXUSDT,0.01,-4.07,-3.37,9.9,5
APEUSDT,BSVUSDT,0.02,-3.65,-3.37,0.02,5
ADAUSDT,OCEANUSDT,0.01,-3.85,-3.37,0.48,5
ADAUSDT,AGIXUSDT,0.01,-3.86,-3.37,0.48,5
ZETAUSDT,TRUUSDT,0.02,-3.68,-3.37,8.95,5
APEUSDT,AVAXUSDT,0.03,-3.54,-3.37,0.03,5
1000XECUSDT,OCEANUSDT,0.03,-3.48,-3.37,0.05,5
MANAUSDT,DARUSDT,0.01,-3.96,-3.37,2.78,5
MOVRUSDT,BANDUSDT,0.04,-3.4,-3.37,8.96,5
OMGUSDT,BCHUSDT,0.03,-3.47,-3.37,0.0,5
MASKUSDT,BANDUSDT,0.01,-4.02,-3.37,2.04,5
MASKUSDT,MKRUSDT,0.01,-3.77,-3.37,0.0,5
APEUSDT,AAVEUSDT,0.04,-3.46,-3.37,0.01,5
APEUSDT,THETAUSDT,0.04,-3.41,-3.37,0.56,5
ICPUSDT,MAGICUSDT,0.04,-3.41,-3.37,15.38,5
ICPUSDT,LQTYUSDT,0.03,-3.52,-3.37,10.88,5
APEUSDT,IMXUSDT,0.03,-3.51,-3.37,0.54,5
ICPUSDT,BNTUSDT,0.03,-3.5,-3.37,15.31,5
APEUSDT,OPUSDT,0.01,-3.94,-3.37,0.5,5
MOVRUSDT,TRUUSDT,0.03,-3.54,-3.37,92.03,5
LITUSDT,BCHUSDT,0.03,-3.47,-3.37,0.0,5
LITUSDT,1INCHUSDT,0.01,-4.04,-3.37,2.53,5
MASKUSDT,KEYUSDT,0.01,-3.93,-3.37,468.16,5
BNTUSDT,BCHUSDT,0.04,-3.42,-3.37,0.0,5
SOLUSDT,BIGTIMEUSDT,0.05,-3.37,-3.37,854.95,5
BNTUSDT,ADAUSDT,0.04,-3.43,-3.37,1.73,5
ORBSUSDT,GMXUSDT,0.03,-3.53,-3.37,0.0,5
BCHUSDT,LINKUSDT,0.01,-4.09,-3.37,27.77,5
MOVRUSDT,ENSUSDT,0.02,-3.75,-3.37,0.63,5
SOLUSDT,AAVEUSDT,0.03,-3.55,-3.37,1.64,5
GMTUSDT,DARUSDT,0.0,-4.21,-3.37,1.42,5
JTOUSDT,ENSUSDT,0.03,-3.5,-3.37,0.15,5
BNTUSDT,TRXUSDT,0.01,-3.92,-3.37,7.04,5
MOVRUSDT,COREUSDT,0.03,-3.51,-3.37,7.7,4
MANAUSDT,COMPUSDT,0.03,-3.5,-3.37,0.01,4
ZILUSDT,GALUSDT,0.01,-3.88,-3.37,0.01,4
EGLDUSDT,ETCUSDT,0.03,-3.57,-3.37,1.25,4
LTCUSDT,1000BONKUSDT,0.03,-3.59,-3.37,2336.22,4
ATAUSDT,UNFIUSDT,0.03,-3.48,-3.37,0.03,4
MASKUSDT,BNXUSDT,0.02,-3.68,-3.37,2.7,4
C98USDT,ETCUSDT,0.04,-3.42,-3.37,0.01,4
ZILUSDT,UNFIUSDT,0.01,-3.87,-3.37,0.0,4
SANDUSDT,ICPUSDT,0.03,-3.48,-3.37,0.04,4
APEUSDT,BNXUSDT,0.04,-3.45,-3.37,1.01,4
MATICUSDT,BNXUSDT,0.03,-3.51,-3.37,0.56,4
MASKUSDT,GALUSDT,0.01,-3.89,-3.37,0.93,4
BOMEUSDT,FLOKIUSDT,0.02,-3.75,-3.37,54.13,4
BCHUSDT,KEYUSDT,0.05,-3.38,-3.37,65223.19,3
BCHUSDT,WIFUSDT,0.02,-3.72,-3.37,150.47,3
APEUSDT,ARUSDT,0.02,-3.69,-3.37,0.03,3
APEUSDT,MKRUSDT,0.01,-3.98,-3.37,0.0,3
MOVRUSDT,GALUSDT,0.04,-3.47,-3.37,4.1,3
LTCUSDT,BANDUSDT,0.02,-3.76,-3.37,49.52,3
APEUSDT,SOLUSDT,0.03,-3.56,-3.37,0.01,3
APEUSDT,CFXUSDT,0.03,-3.48,-3.37,5.78,3
MOVRUSDT,JASMYUSDT,0.03,-3.56,-3.37,650.91,3
LTCUSDT,JASMYUSDT,0.02,-3.67,-3.37,3595.35,3
MOVRUSDT,KEYUSDT,0.04,-3.46,-3.37,2058.99,3
MOVRUSDT,UNIUSDT,0.03,-3.49,-3.37,1.47,3
LTCUSDT,1INCHUSDT,0.01,-3.85,-3.37,195.33,3
EOSUSDT,API3USDT,0.04,-3.4,-3.37,0.29,3
MANTAUSDT,BCHUSDT,0.02,-3.68,-3.37,0.0,3
LTCUSDT,FLOKIUSDT,0.02,-3.65,-3.37,339664.69,3
ZILUSDT,FLOKIUSDT,0.0,-4.12,-3.37,97.65,3
MANTAUSDT,EOSUSDT,0.03,-3.57,-3.37,2.09,3
MASKUSDT,UNIUSDT,0.04,-3.42,-3.37,0.33,3
WUSDT,FLOKIUSDT,0.01,-4.09,-3.37,2321.66,3
ORBSUSDT,1INCHUSDT,0.02,-3.65,-3.37,0.08,3
BNTUSDT,UNIUSDT,0.02,-3.64,-3.37,0.08,3
MATICUSDT,1INCHUSDT,0.03,-3.55,-3.37,1.68,3
MASKUSDT,IOSTUSDT,0.04,-3.43,-3.37,378.87,3
IOTAUSDT,BANDUSDT,0.04,-3.41,-3.37,0.13,3
MASKUSDT,1INCHUSDT,0.0,-4.37,-3.37,8.04,3
MASKUSDT,OCEANUSDT,0.04,-3.41,-3.37,3.58,3
IOTAUSDT,API3USDT,0.03,-3.56,-3.37,0.08,3
ICPUSDT,OMNI1USDT,0.03,-3.51,-3.37,0.7,3
IOTAUSDT,1INCHUSDT,0.02,-3.64,-3.37,0.52,3
ICXUSDT,STMXUSDT,0.0,-4.22,-3.37,27.83,3
IOTAUSDT,IOSTUSDT,0.02,-3.59,-3.37,24.76,3
LITUSDT,IOSTUSDT,0.05,-3.37,-3.37,118.98,3
IDUSDT,1INCHUSDT,0.01,-3.84,-3.37,1.72,3
BATUSDT,AVAXUSDT,0.02,-3.62,-3.37,0.01,3
IOTAUSDT,AAVEUSDT,0.03,-3.56,-3.37,0.0,3
MASKUSDT,BCHUSDT,0.02,-3.62,-3.37,0.01,3
MOVRUSDT,LEVERUSDT,0.04,-3.45,-3.37,4060.5,3
APEUSDT,FLOKIUSDT,0.02,-3.67,-3.37,5215.02,3
LTCUSDT,KEYUSDT,0.02,-3.71,-3.37,11371.87,3
TRXUSDT,ATOMUSDT,0.04,-3.41,-3.37,0.01,3
LTCUSDT,CVXUSDT,0.04,-3.45,-3.37,30.13,3
LTCUSDT,NFPUSDT,0.02,-3.65,-3.37,169.67,3
LTCUSDT,WIFUSDT,0.01,-3.93,-3.37,26.25,3
LTCUSDT,DYMUSDT,0.01,-3.78,-3.37,29.01,3
LTCUSDT,GALUSDT,0.01,-3.77,-3.37,22.65,2
MASKUSDT,FLOKIUSDT,0.02,-3.6,-3.37,13989.05,2
ICPUSDT,ONDOUSDT,0.04,-3.38,-3.37,10.57,2
ETCUSDT,AIUSDT,0.0,-4.64,-3.37,28.49,2
1000SATSUSDT,UNFIUSDT,0.01,-3.86,-3.37,0.0,2
ENJUSDT,UNFIUSDT,0.04,-3.4,-3.37,0.07,2
APEUSDT,GALUSDT,0.01,-3.93,-3.37,0.35,2
ICPUSDT,AGLDUSDT,0.04,-3.43,-3.37,9.97,1
APEUSDT,1INCHUSDT,0.04,-3.4,-3.37,3.0,1
APEUSDT,FETUSDT,0.02,-3.73,-3.37,0.56,1
IOTAUSDT,GALUSDT,0.03,-3.49,-3.37,0.06,1
ICPUSDT,AAVEUSDT,0.02,-3.61,-3.37,0.12,1
MOVRUSDT,FLOKIUSDT,0.03,-3.53,-3.37,61507.05,1
LTCUSDT,TIAUSDT,0.01,-3.93,-3.37,8.63,1
LTCUSDT,AGLDUSDT,0.0,-4.23,-3.37,68.58,1
IOTAUSDT,UNIUSDT,0.03,-3.53,-3.37,0.02,1
BATUSDT,OCEANUSDT,0.05,-3.37,-3.37,0.25,1
BATUSDT,AGIXUSDT,0.04,-3.38,-3.37,0.26,1
LTCUSDT,MEMEUSDT,0.02,-3.67,-3.37,2984.21,1
MASKUSDT,JASMYUSDT,0.04,-3.41,-3.37,148.02,1
MASKUSDT,AGIXUSDT,0.04,-3.43,-3.37,3.59,1
LTCUSDT,VANRYUSDT,0.02,-3.61,-3.37,437.54,1
ZILUSDT,JASMYUSDT,0.04,-3.4,-3.37,1.03,1
BCHUSDT,NOTUSDT,0.03,-3.52,-3.37,66640.31,1
APEUSDT,AGIXUSDT,0.02,-3.72,-3.37,1.34,1
TRXUSDT,XVGUSDT,0.05,-3.37,-3.37,19.69,1
EOSUSDT,NOTUSDT,0.03,-3.49,-3.37,114.12,1
TRXUSDT,1000RATSUSDT,0.04,-3.44,-3.37,0.81,1
EOSUSDT,TIAUSDT,0.04,-3.47,-3.37,0.08,1
APEUSDT,KEYUSDT,0.04,-3.45,-3.37,174.49,1
MOVRUSDT,1INCHUSDT,0.04,-3.42,-3.37,35.36,1
APEUSDT,STMXUSDT,0.04,-3.46,-3.37,158.96,1
APEUSDT,OCEANUSDT,0.02,-3.69,-3.37,1.34,1
LTCUSDT,NOTUSDT,0.01,-4.07,-3.37,11658.62,1
LTCUSDT,UNIUSDT,0.04,-3.41,-3.37,8.09,1
LTCUSDT,AAVEUSDT,0.03,-3.51,-3.37,0.82,1
LTCUSDT,BBUSDT,0.02,-3.6,-3.37,153.14,1
APEUSDT,JASMYUSDT,0.03,-3.47,-3.37,55.18,1
TRXUSDT,ROSEUSDT,0.05,-3.38,-3.37,1.26,1
ORBSUSDT,NOTUSDT,0.03,-3.57,-3.37,4.7,1
